Wk,Day,Date,Time,Home,Score,Away,Attendance,Venue,Referee,Match Report,Notes
1.0,Sat,2020-08-08,19:00,Fortaleza,0–2,Atl Paranaense,,Estádio Castelão,Braulio da Silva Machado,Match Report,
1.0,Sat,2020-08-08,19:30,Coritiba,0–1,Internacional,,Estádio Major Antônio Couto Pereira,Bruno Arleu de Araujo,Match Report,
1.0,Sat,2020-08-08,21:00,Sport Recife,3–2,Ceará,,Estádio Adelmar da Costa Carvalho,Edina Alves Batista,Match Report,
1.0,Sun,2020-08-09,16:00,Flamengo,0–1,Atlético Mineiro,,Estadio Jornalista Mário Filho,Raphael Claus,Match Report,
1.0,Sun,2020-08-09,16:00,Santos,1–1,Bragantino,,Estádio Urbano Caldeira,Ricardo Marques Ribeiro,Match Report,
1.0,Sun,2020-08-09,16:00,Goiás,,São Paulo,,Estádio de Hailé Pinheiro,Caio Max Augusto Vieira,,Match Postponed
1.0,Sun,2020-08-09,19:00,Grêmio,1–0,Fluminense,,Arena do Grêmio,Wilton Sampaio,Match Report,
1.0,Sun,2020-08-09,19:45,Palmeiras,,Vasco da Gama,,Allianz Parque,,,Match Postponed
,,,,,,,,,,,
2.0,Wed,2020-08-12,19:15,Atlético Mineiro,3–2,Corinthians,,Estádio Raimundo Sampaio,Wagner do Nascimento Magalhaes,Match Report,
2.0,Wed,2020-08-12,19:15,Bragantino,1–1,Botafogo (RJ),,Estádio Nabi Abi Chedid,André Luiz de Freitas Castro,Match Report,
2.0,Wed,2020-08-12,19:15,Atl Paranaense,2–1,Goiás,,Estádio Joaquim Américo Guimarães,Diego Pombo Lopez,Match Report,
2.0,Wed,2020-08-12,20:30,Atl Goianiense,3–0,Flamengo,,Estádio Olímpico Pedro Ludovico Teixeira,Luiz Flávio de Oliveira,Match Report,
2.0,Wed,2020-08-12,20:30,Bahia,1–0,Coritiba,,Estádio Governador Roberto Santos,Flavio Rodrigues De Souza,Match Report,
2.0,Wed,2020-08-12,21:30,Fluminense,1–1,Palmeiras,,Estadio Jornalista Mário Filho,Rafael Traci,Match Report,
2.0,Wed,2020-08-12,21:30,Ceará,1–1,Grêmio,,Estádio Castelão,Caio Max Augusto Vieira,Match Report,
2.0,Thu,2020-08-13,19:15,São Paulo,1–0,Fortaleza,,Estádio do Morumbi,Leandro Pedro Vuaden,Match Report,
2.0,Thu,2020-08-13,19:30,Internacional,2–0,Santos,,Estádio José Pinheiro Borba,Marcelo de Lima Henrique,Match Report,
2.0,Thu,2020-08-13,20:00,Vasco da Gama,2–0,Sport Recife,,Estádio Club de Regatas Vasco da Gama,Rodolpho Toski Marques,Match Report,
,,,,,,,,,,,
3.0,Sat,2020-08-15,19:00,Grêmio,0–0,Corinthians,,Arena do Grêmio,Bruno Arleu de Araujo,Match Report,
3.0,Sat,2020-08-15,19:30,Coritiba,0–1,Flamengo,,Estádio Major Antônio Couto Pereira,Rodrigo D'Alonso Ferreira,Match Report,
3.0,Sat,2020-08-15,21:30,Palmeiras,1–1,Goiás,,Allianz Parque,Paulo Roberto Alves Júnior,Match Report,
3.0,Sun,2020-08-16,11:00,Atlético Mineiro,2–0,Ceará,,Estádio Raimundo Sampaio,Savio Pereira,Match Report,
3.0,Sun,2020-08-16,16:00,Bahia,2–1,Bragantino,,Estádio Governador Roberto Santos,Felipe Fernandes de Lima,Match Report,
3.0,Sun,2020-08-16,16:00,Vasco da Gama,2–1,São Paulo,,Estádio Club de Regatas Vasco da Gama,Wilton Sampaio,Match Report,
3.0,Sun,2020-08-16,18:00,Fluminense,2–1,Internacional,,Estadio Jornalista Mário Filho,Raphael Claus,Match Report,
3.0,Sun,2020-08-16,19:00,Atl Goianiense,1–1,Sport Recife,,Estádio Olímpico Pedro Ludovico Teixeira,Grazianni Maciel Rocha,Match Report,
3.0,Sun,2020-08-16,19:30,Fortaleza,0–0,Botafogo (RJ),,Estádio Castelão,Marielson Alves Silva,Match Report,
3.0,Sun,2020-08-16,19:45,Santos,3–1,Atl Paranaense,,Estádio Urbano Caldeira,Anderson Daronco,Match Report,
,,,,,,,,,,,
4.0,Wed,2020-08-19,19:15,Flamengo,1–1,Grêmio,,Estadio Jornalista Mário Filho,Rafael Traci,Match Report,
4.0,Wed,2020-08-19,19:15,Bragantino,2–1,Fluminense,,Estádio Nabi Abi Chedid,Jean Pierre Goncalves Lima,Match Report,
4.0,Wed,2020-08-19,19:30,Atl Paranaense,0–1,Palmeiras,,Estádio Joaquim Américo Guimarães,Caio Max Augusto Vieira,Match Report,
4.0,Wed,2020-08-19,20:30,Internacional,3–0,Atl Goianiense,,Estádio José Pinheiro Borba,Wagner Reway,Match Report,
4.0,Wed,2020-08-19,20:30,Goiás,1–3,Fortaleza,,Estádio de Hailé Pinheiro,Dyorgines José Padovani Andrade,Match Report,
4.0,Wed,2020-08-19,21:30,Corinthians,3–1,Coritiba,,Arena Corinthians,Braulio da Silva Machado,Match Report,
4.0,Wed,2020-08-19,21:30,Botafogo (RJ),2–1,Atlético Mineiro,,Estádio Nilton Santos,Flavio Rodrigues De Souza,Match Report,
4.0,Thu,2020-08-20,19:15,Sport Recife,0–1,Santos,,Estádio Adelmar da Costa Carvalho,Jose Mendonca da Silva Junior,Match Report,
4.0,Thu,2020-08-20,20:00,São Paulo,1–1,Bahia,,Estádio do Morumbi,Rodrigo Carvalhaes de Miranda,Match Report,
4.0,Thu,2020-08-20,20:00,Ceará,0–3,Vasco da Gama,,Estádio Castelão,Thiago Duarte Peixoto,Match Report,
,,,,,,,,,,,
5.0,Sat,2020-08-22,16:00,Atl Paranaense,0–1,Fluminense,,Estádio Joaquim Américo Guimarães,Daniel Nobre Bins,Match Report,
5.0,Sat,2020-08-22,19:00,Internacional,1–0,Atlético Mineiro,,Estádio José Pinheiro Borba,Luiz Flávio de Oliveira,Match Report,
5.0,Sat,2020-08-22,21:00,Goiás,2–0,Atl Goianiense,,Estádio de Hailé Pinheiro,Wilton Sampaio,Match Report,
5.0,Sun,2020-08-23,11:00,Flamengo,1–1,Botafogo (RJ),,Estadio Jornalista Mário Filho,Leandro Pedro Vuaden,Match Report,
5.0,Sun,2020-08-23,16:00,Palmeiras,2–1,Santos,,Allianz Parque,Vinicius Gonçalves Dias Araujo,Match Report,
5.0,Sun,2020-08-23,16:00,Vasco da Gama,0–0,Grêmio,,Estádio Club de Regatas Vasco da Gama,Savio Pereira,Match Report,
5.0,Sun,2020-08-23,16:00,Bragantino,1–2,Coritiba,,Estádio Nabi Abi Chedid,Gilberto Rodrigues Castro Junior,Match Report,
5.0,Sun,2020-08-23,19:00,Sport Recife,0–1,São Paulo,,Estádio Adelmar da Costa Carvalho,Rodrigo D'Alonso Ferreira,Match Report,
5.0,Sun,2020-08-23,20:00,Ceará,2–0,Bahia,,Estádio Castelão,Wagner do Nascimento Magalhaes,Match Report,
,,,,,,,,,,,
11.0,Wed,2020-08-26,19:00,São Paulo,1–0,Atl Paranaense,,Estádio do Morumbi,Marcelo de Lima Henrique,Match Report,
,,,,,,,,,,,
5.0,Wed,2020-08-26,21:30,Corinthians,1–1,Fortaleza,,Arena Corinthians,Rodolpho Toski Marques,Match Report,
,,,,,,,,,,,
6.0,Sat,2020-08-29,16:00,Atlético Mineiro,,Atl Paranaense,,Estádio Raimundo Sampaio,,,Match Postponed
6.0,Sat,2020-08-29,17:00,Botafogo (RJ),0–2,Internacional,,Estádio Nilton Santos,Thiago Duarte Peixoto,Match Report,
6.0,Sat,2020-08-29,19:00,Fluminense,2–1,Vasco da Gama,,Estadio Jornalista Mário Filho,Braulio da Silva Machado,Match Report,
6.0,Sat,2020-08-29,19:00,Bahia,1–1,Palmeiras,,Estádio Governador Roberto Santos,Bruno Arleu de Araujo,Match Report,
6.0,Sat,2020-08-29,21:00,Fortaleza,3–0,Bragantino,,Estádio Castelão,Rafael Traci,Match Report,
6.0,Sun,2020-08-30,11:00,São Paulo,2–1,Corinthians,,Estádio do Morumbi,Flavio Rodrigues De Souza,Match Report,
6.0,Sun,2020-08-30,16:00,Santos,0–1,Flamengo,,Estádio Urbano Caldeira,Wilton Sampaio,Match Report,
6.0,Sun,2020-08-30,16:00,Coritiba,1–0,Sport Recife,,Estádio Major Antônio Couto Pereira,Raphael Claus,Match Report,
6.0,Sun,2020-08-30,18:00,Atl Goianiense,0–2,Ceará,,Estádio Olímpico Pedro Ludovico Teixeira,Igor Junior Benevenuto,Match Report,
6.0,Sun,2020-08-30,19:00,Grêmio,,Goiás,,Arena do Grêmio,,,Match Postponed
,,,,,,,,,,,
7.0,Wed,2020-09-02,19:00,Ceará,1–0,Fortaleza,,Estádio Castelão,Luiz Flávio de Oliveira,Match Report,
7.0,Wed,2020-09-02,19:15,Goiás,1–2,Corinthians,,Estádio de Hailé Pinheiro,Jose Mendonca da Silva Junior,Match Report,
7.0,Wed,2020-09-02,19:30,Fluminense,1–1,Atl Goianiense,,Estadio Jornalista Mário Filho,Marielson Alves Silva,Match Report,
7.0,Wed,2020-09-02,20:30,Bahia,3–5,Flamengo,,Estádio Governador Roberto Santos,Savio Pereira,Match Report,
7.0,Wed,2020-09-02,20:30,Botafogo (RJ),0–0,Coritiba,,Estádio Nilton Santos,Felipe Fernandes de Lima,Match Report,
7.0,Wed,2020-09-02,20:30,Atl Paranaense,1–1,Bragantino,,Estádio Joaquim Américo Guimarães,Wagner do Nascimento Magalhaes,Match Report,
7.0,Wed,2020-09-02,21:30,Santos,2–2,Vasco da Gama,,Estádio Urbano Caldeira,Rodrigo D'Alonso Ferreira,Match Report,
7.0,Wed,2020-09-02,21:30,Palmeiras,1–1,Internacional,,Allianz Parque,Wilton Sampaio,Match Report,
7.0,Thu,2020-09-03,19:00,Grêmio,1–2,Sport Recife,,Arena do Grêmio,Dyorgines José Padovani Andrade,Match Report,
7.0,Thu,2020-09-03,20:00,Atlético Mineiro,3–0,São Paulo,,Estádio Raimundo Sampaio,Jean Pierre Goncalves Lima,Match Report,
,,,,,,,,,,,
8.0,Sat,2020-09-05,17:00,Flamengo,2–1,Fortaleza,,Estadio Jornalista Mário Filho,Flavio Rodrigues De Souza,Match Report,
8.0,Sat,2020-09-05,19:00,Corinthians,2–2,Botafogo (RJ),,Arena Corinthians,Rafael Traci,Match Report,
8.0,Sat,2020-09-05,21:00,Ceará,0–1,Santos,,Estádio Castelão,Wagner Reway,Match Report,
8.0,Sun,2020-09-06,11:00,Bragantino,1–2,Palmeiras,,Estádio Nabi Abi Chedid,Marcelo de Lima Henrique,Match Report,
8.0,Sun,2020-09-06,16:00,São Paulo,3–1,Fluminense,,Estádio do Morumbi,Paulo Roberto Alves Júnior,Match Report,
8.0,Sun,2020-09-06,16:00,Internacional,2–2,Bahia,,Estádio José Pinheiro Borba,Braulio da Silva Machado,Match Report,
8.0,Sun,2020-09-06,18:00,Vasco da Gama,1–0,Atl Paranaense,,Estádio Club de Regatas Vasco da Gama,Raphael Claus,Match Report,
8.0,Sun,2020-09-06,19:00,Atl Goianiense,1–1,Grêmio,,Estádio Olímpico Pedro Ludovico Teixeira,Ricardo Marques Ribeiro,Match Report,
8.0,Sun,2020-09-06,20:30,Coritiba,0–1,Atlético Mineiro,,Estádio Major Antônio Couto Pereira,Diego Pombo Lopez,Match Report,
8.0,Sun,2020-09-06,20:30,Sport Recife,2–1,Goiás,,Estádio Adelmar da Costa Carvalho,Vinicius Gomes do Amaral,Match Report,
,,,,,,,,,,,
9.0,Wed,2020-09-09,17:30,Atl Paranaense,1–1,Botafogo (RJ),,Estádio Joaquim Américo Guimarães,Vinicius Gonçalves Dias Araujo,Match Report,
9.0,Wed,2020-09-09,18:00,Goiás,3–3,Coritiba,,Estádio de Hailé Pinheiro,Caio Max Augusto Vieira,Match Report,
9.0,Wed,2020-09-09,18:00,Fortaleza,1–0,Sport Recife,,Estádio Castelão,Felipe Fernandes de Lima,Match Report,
9.0,Wed,2020-09-09,19:15,São Paulo,1–1,Bragantino,,Estádio do Morumbi,Savio Pereira,Match Report,
9.0,Wed,2020-09-09,21:30,Santos,3–1,Atlético Mineiro,,Estádio Urbano Caldeira,Wagner do Nascimento Magalhaes,Match Report,
9.0,Wed,2020-09-09,21:30,Fluminense,1–2,Flamengo,,Estadio Jornalista Mário Filho,Raphael Claus,Match Report,
9.0,Thu,2020-09-10,19:15,Corinthians,0–2,Palmeiras,,Arena Corinthians,Leandro Pedro Vuaden,Match Report,
9.0,Thu,2020-09-10,19:15,Bahia,0–2,Grêmio,,Estádio Governador Roberto Santos,Jose Mendonca da Silva Junior,Match Report,
9.0,Thu,2020-09-10,19:15,Internacional,2–0,Ceará,,Estádio José Pinheiro Borba,Rodrigo D'Alonso Ferreira,Match Report,
9.0,Thu,2020-09-10,21:00,Vasco da Gama,1–2,Atl Goianiense,,Estádio Club de Regatas Vasco da Gama,Heber Roberto Lopes,Match Report,
,,,,,,,,,,,
10.0,Sat,2020-09-12,16:30,Atl Paranaense,1–0,Coritiba,,Estádio Joaquim Américo Guimarães,Jean Pierre Goncalves Lima,Match Report,
10.0,Sat,2020-09-12,19:00,Santos,2–2,São Paulo,,Estádio Urbano Caldeira,Luiz Flávio de Oliveira,Match Report,
10.0,Sun,2020-09-13,16:00,Grêmio,1–1,Fortaleza,,Arena do Grêmio,Igor Junior Benevenuto,Match Report,
10.0,Sun,2020-09-13,16:00,Fluminense,2–1,Corinthians,,Estadio Jornalista Mário Filho,Braulio da Silva Machado,Match Report,
10.0,Sun,2020-09-13,18:00,Goiás,1–0,Internacional,,Estádio de Hailé Pinheiro,Flavio Rodrigues De Souza,Match Report,
10.0,Sun,2020-09-13,18:00,Ceará,2–0,Flamengo,,Estádio Castelão,Marielson Alves Silva,Match Report,
10.0,Sun,2020-09-13,18:00,Bahia,0–1,Atl Goianiense,,Estádio Governador Roberto Santos,Vinicius Gomes do Amaral,Match Report,
10.0,Sun,2020-09-13,18:00,Atlético Mineiro,2–1,Bragantino,,Estádio Raimundo Sampaio,Ramon Abatti Abel,Match Report,
10.0,Sun,2020-09-13,19:45,Palmeiras,2–2,Sport Recife,,Allianz Parque,Diego Pombo Lopez,Match Report,
10.0,Sun,2020-09-13,20:30,Botafogo (RJ),2–3,Vasco da Gama,,Estádio Nilton Santos,Wilton Sampaio,Match Report,
,,,,,,,,,,,
11.0,Wed,2020-09-16,21:30,Corinthians,3–2,Bahia,,Arena Corinthians,Wagner do Nascimento Magalhaes,Match Report,
11.0,Sat,2020-09-19,19:00,Bragantino,4–2,Ceará,,Estádio Nabi Abi Chedid,Jefferson Ferreira de Moraes,Match Report,
11.0,Sat,2020-09-19,19:00,Fortaleza,1–0,Internacional,,Estádio Castelão,Marielson Alves Silva,Match Report,
11.0,Sat,2020-09-19,21:00,Atl Goianiense,3–4,Atlético Mineiro,,Estádio Olímpico Pedro Ludovico Teixeira,Edina Alves Batista,Match Report,
11.0,Sun,2020-09-20,16:00,Grêmio,1–1,Palmeiras,,Arena do Grêmio,Rodrigo D'Alonso Ferreira,Match Report,
11.0,Sun,2020-09-20,16:00,Coritiba,1–0,Vasco da Gama,,Estádio Major Antônio Couto Pereira,Luiz Flávio de Oliveira,Match Report,
11.0,Sun,2020-09-20,18:15,Botafogo (RJ),0–0,Santos,,Estádio Nilton Santos,Jose Mendonca da Silva Junior,Match Report,
11.0,Sun,2020-09-20,20:30,Sport Recife,1–0,Fluminense,,Estádio Adelmar da Costa Carvalho,Leandro Pedro Vuaden,Match Report,
,,,,,,,,,,,
12.0,Wed,2020-09-23,21:30,Sport Recife,1–0,Corinthians,,Estádio Adelmar da Costa Carvalho,Wilton Sampaio,Match Report,
12.0,Sat,2020-09-26,19:00,Atl Paranaense,1–0,Bahia,,Estádio Joaquim Américo Guimarães,Ricardo Marques Ribeiro,Match Report,
12.0,Sat,2020-09-26,19:00,Internacional,1–1,São Paulo,,Estádio José Pinheiro Borba,Marcelo de Lima Henrique,Match Report,
12.0,Sat,2020-09-26,21:00,Atlético Mineiro,3–1,Grêmio,,Estádio Raimundo Sampaio,Caio Max Augusto Vieira,Match Report,
12.0,Sun,2020-09-27,11:00,Vasco da Gama,1–1,Bragantino,,Estádio Club de Regatas Vasco da Gama,Rodolpho Toski Marques,Match Report,
12.0,Sun,2020-09-27,16:00,Palmeiras,1–1,Flamengo,,Allianz Parque,Jean Pierre Goncalves Lima,Match Report,
12.0,Sun,2020-09-27,18:15,Atl Goianiense,1–1,Botafogo (RJ),,Estádio Olímpico Pedro Ludovico Teixeira,Leandro Pedro Vuaden,Match Report,
12.0,Sun,2020-09-27,18:15,Ceará,2–2,Goiás,,Estádio Castelão,Ramon Abatti Abel,Match Report,
12.0,Sun,2020-09-27,20:30,Santos,1–1,Fortaleza,,Estádio Urbano Caldeira,Heber Roberto Lopes,Match Report,
12.0,Mon,2020-09-28,20:00,Fluminense,4–0,Coritiba,,Estadio Jornalista Mário Filho,Vinicius Gonçalves Dias Araujo,Match Report,
,,,,,,,,,,,
1.0,Wed,2020-09-30,21:30,Corinthians,0–0,Atl Goianiense,,Arena Corinthians,Paulo Roberto Alves Júnior,Match Report,
1.0,Wed,2020-09-30,21:30,Botafogo (RJ),1–2,Bahia,,Estádio Nilton Santos,Savio Pereira,Match Report,
,,,,,,,,,,,
13.0,Sat,2020-10-03,17:00,Grêmio,1–1,Internacional,,Arena do Grêmio,Raphael Claus,Match Report,
13.0,Sat,2020-10-03,19:00,Palmeiras,2–1,Ceará,,Allianz Parque,Bruno Arleu de Araujo,Match Report,
13.0,Sat,2020-10-03,21:00,Bragantino,0–0,Corinthians,,Estádio Nabi Abi Chedid,Edina Alves Batista,Match Report,
13.0,Sun,2020-10-04,11:00,Botafogo (RJ),1–1,Fluminense,,Estádio Nilton Santos,Anderson Daronco,Match Report,
13.0,Sun,2020-10-04,16:00,Flamengo,3–1,Atl Paranaense,,Estadio Jornalista Mário Filho,Rodrigo D'Alonso Ferreira,Match Report,
13.0,Sun,2020-10-04,16:00,Coritiba,1–1,São Paulo,,Estádio Major Antônio Couto Pereira,Wagner do Nascimento Magalhaes,Match Report,
13.0,Sun,2020-10-04,18:15,Bahia,1–2,Sport Recife,,Estádio Governador Roberto Santos,Rafael Traci,Match Report,
13.0,Sun,2020-10-04,18:15,Fortaleza,0–0,Atl Goianiense,,Estádio Castelão,Jose Mendonca da Silva Junior,Match Report,
13.0,Sun,2020-10-04,18:15,Goiás,2–3,Santos,,Estádio de Hailé Pinheiro,Marielson Alves Silva,Match Report,
13.0,Sun,2020-10-04,20:30,Atlético Mineiro,4–1,Vasco da Gama,,Estádio Raimundo Sampaio,Leandro Pedro Vuaden,Match Report,
,,,,,,,,,,,
14.0,Wed,2020-10-07,19:00,Corinthians,1–1,Santos,,Arena Corinthians,Marcelo de Lima Henrique,Match Report,
14.0,Wed,2020-10-07,19:15,Bahia,3–0,Vasco da Gama,,Estádio Governador Roberto Santos,Jean Pierre Goncalves Lima,Match Report,
14.0,Wed,2020-10-07,19:15,Flamengo,3–0,Sport Recife,,Estadio Jornalista Mário Filho,Caio Max Augusto Vieira,Match Report,
14.0,Wed,2020-10-07,19:15,Grêmio,2–1,Coritiba,,Arena do Grêmio,Ramon Abatti Abel,Match Report,
14.0,Wed,2020-10-07,20:30,São Paulo,3–0,Atl Goianiense,,Estádio do Morumbi,Dyorgines José Padovani Andrade,Match Report,
14.0,Wed,2020-10-07,20:30,Goiás,2–4,Fluminense,,Estádio de Hailé Pinheiro,Luiz Flávio de Oliveira,Match Report,
14.0,Wed,2020-10-07,21:30,Fortaleza,2–1,Atlético Mineiro,,Estádio Castelão,Savio Pereira,Match Report,
14.0,Wed,2020-10-07,21:30,Botafogo (RJ),2–1,Palmeiras,,Estádio Nilton Santos,Rodolpho Toski Marques,Match Report,
14.0,Thu,2020-10-08,19:00,Atl Paranaense,0–0,Ceará,,Estádio Joaquim Américo Guimarães,Wilton Sampaio,Match Report,
14.0,Thu,2020-10-08,21:00,Bragantino,0–2,Internacional,,Estádio Nabi Abi Chedid,Felipe Fernandes de Lima,Match Report,
,,,,,,,,,,,
15.0,Sat,2020-10-10,17:00,Vasco da Gama,,Flamengo,,Estádio Club de Regatas Vasco da Gama,,,
15.0,Sat,2020-10-10,19:00,Coritiba,,Fortaleza,,Estádio Major Antônio Couto Pereira,,,
15.0,Sat,2020-10-10,19:00,Palmeiras,,São Paulo,,Allianz Parque,,,
15.0,Sat,2020-10-10,21:00,Atlético Mineiro,,Goiás,,Estádio Raimundo Sampaio,,,
15.0,Sun,2020-10-11,16:00,Fluminense,,Bahia,,Estadio Jornalista Mário Filho,,,
15.0,Sun,2020-10-11,16:00,Santos,,Grêmio,,Estádio Urbano Caldeira,,,
15.0,Sun,2020-10-11,18:15,Sport Recife,,Botafogo (RJ),,Estádio Adelmar da Costa Carvalho,,,
15.0,Sun,2020-10-11,18:15,Atl Goianiense,,Bragantino,,Estádio Olímpico Pedro Ludovico Teixeira,,,
15.0,Sun,2020-10-11,20:30,Ceará,,Corinthians,,Estádio Castelão,,,
15.0,Sun,2020-10-11,20:30,Internacional,,Atl Paranaense,,Estádio José Pinheiro Borba,,,
,,,,,,,,,,,
11.0,Tue,2020-10-13,18:00,Flamengo,,Goiás,,Estadio Jornalista Mário Filho,,,
,,,,,,,,,,,
16.0,Wed,2020-10-14,,Flamengo,,Bragantino,,Estadio Jornalista Mário Filho,,,
16.0,Wed,2020-10-14,,Atlético Mineiro,,Fluminense,,Estádio Raimundo Sampaio,,,
16.0,Wed,2020-10-14,,Palmeiras,,Coritiba,,Allianz Parque,,,
16.0,Wed,2020-10-14,,Sport Recife,,Internacional,,Estádio Adelmar da Costa Carvalho,,,
16.0,Wed,2020-10-14,,Atl Paranaense,,Corinthians,,Estádio Joaquim Américo Guimarães,,,
16.0,Wed,2020-10-14,,Goiás,,Bahia,,,,,
16.0,Wed,2020-10-14,,Grêmio,,Botafogo (RJ),,Arena do Grêmio,,,
16.0,Wed,2020-10-14,,Santos,,Atl Goianiense,,Estádio Urbano Caldeira,,,
16.0,Wed,2020-10-14,,Ceará,,São Paulo,,Estádio Castelão,,,
16.0,Wed,2020-10-14,,Vasco da Gama,,Fortaleza,,Estádio Club de Regatas Vasco da Gama,,,
,,,,,,,,,,,
17.0,Sun,2020-10-18,,Bragantino,,Sport Recife,,Estádio Nabi Abi Chedid,,,
17.0,Sun,2020-10-18,,São Paulo,,Grêmio,,Estádio do Morumbi,,,
17.0,Sun,2020-10-18,,Fortaleza,,Palmeiras,,Estádio Castelão,,,
17.0,Sun,2020-10-18,,Internacional,,Vasco da Gama,,Estádio José Pinheiro Borba,,,
17.0,Sun,2020-10-18,,Fluminense,,Ceará,,Estadio Jornalista Mário Filho,,,
17.0,Sun,2020-10-18,,Botafogo (RJ),,Goiás,,Estádio Nilton Santos,,,
17.0,Sun,2020-10-18,,Atl Goianiense,,Atl Paranaense,,Estádio Olímpico Pedro Ludovico Teixeira,,,
17.0,Sun,2020-10-18,,Corinthians,,Flamengo,,Arena Corinthians,,,
17.0,Sun,2020-10-18,,Bahia,,Atlético Mineiro,,Estádio Governador Roberto Santos,,,
17.0,Sun,2020-10-18,,Coritiba,,Santos,,Estádio Major Antônio Couto Pereira,,,
,,,,,,,,,,,
18.0,Sun,2020-10-25,,Internacional,,Flamengo,,Estádio José Pinheiro Borba,,,
18.0,Sun,2020-10-25,,Bragantino,,Goiás,,Estádio Nabi Abi Chedid,,,
18.0,Sun,2020-10-25,,Fluminense,,Santos,,Estadio Jornalista Mário Filho,,,
18.0,Sun,2020-10-25,,Ceará,,Coritiba,,Estádio Castelão,,,
18.0,Sun,2020-10-25,,São Paulo,,Botafogo (RJ),,Estádio do Morumbi,,,
18.0,Sun,2020-10-25,,Vasco da Gama,,Corinthians,,Estádio Club de Regatas Vasco da Gama,,,
18.0,Sun,2020-10-25,,Bahia,,Fortaleza,,Estádio Governador Roberto Santos,,,
18.0,Sun,2020-10-25,,Atl Paranaense,,Grêmio,,Estádio Joaquim Américo Guimarães,,,
18.0,Sun,2020-10-25,,Atlético Mineiro,,Sport Recife,,Estádio Raimundo Sampaio,,,
18.0,Sun,2020-10-25,,Atl Goianiense,,Palmeiras,,Estádio Olímpico Pedro Ludovico Teixeira,,,
,,,,,,,,,,,
19.0,Sun,2020-11-01,,Coritiba,,Atl Goianiense,,Estádio Major Antônio Couto Pereira,,,
19.0,Sun,2020-11-01,,Grêmio,,Bragantino,,Arena do Grêmio,,,
19.0,Sun,2020-11-01,,Botafogo (RJ),,Ceará,,Estádio Nilton Santos,,,
19.0,Sun,2020-11-01,,Corinthians,,Internacional,,Arena Corinthians,,,
19.0,Sun,2020-11-01,,Sport Recife,,Atl Paranaense,,Estádio Adelmar da Costa Carvalho,,,
19.0,Sun,2020-11-01,,Palmeiras,,Atlético Mineiro,,Allianz Parque,,,
19.0,Sun,2020-11-01,,Flamengo,,São Paulo,,Estadio Jornalista Mário Filho,,,
19.0,Sun,2020-11-01,,Santos,,Bahia,,Estádio Urbano Caldeira,,,
19.0,Sun,2020-11-01,,Fortaleza,,Fluminense,,Estádio Castelão,,,
19.0,Sun,2020-11-01,,Goiás,,Vasco da Gama,,,,,
,,,,,,,,,,,
20.0,Sun,2020-11-08,,Vasco da Gama,,Palmeiras,,Estádio Club de Regatas Vasco da Gama,,,
20.0,Sun,2020-11-08,,Atlético Mineiro,,Flamengo,,Estádio Raimundo Sampaio,,,
20.0,Sun,2020-11-08,,Internacional,,Coritiba,,Estádio José Pinheiro Borba,,,
20.0,Sun,2020-11-08,,Ceará,,Sport Recife,,Estádio Castelão,,,
20.0,Sun,2020-11-08,,Bragantino,,Santos,,Estádio Nabi Abi Chedid,,,
20.0,Sun,2020-11-08,,São Paulo,,Goiás,,Estádio do Morumbi,,,
20.0,Sun,2020-11-08,,Atl Goianiense,,Corinthians,,Estádio Olímpico Pedro Ludovico Teixeira,,,
20.0,Sun,2020-11-08,,Fluminense,,Grêmio,,Estadio Jornalista Mário Filho,,,
20.0,Sun,2020-11-08,,Bahia,,Botafogo (RJ),,Estádio Governador Roberto Santos,,,
20.0,Sun,2020-11-08,,Atl Paranaense,,Fortaleza,,Estádio Joaquim Américo Guimarães,,,
,,,,,,,,,,,
21.0,Sat,2020-11-14,,Grêmio,,Ceará,,Arena do Grêmio,,,
21.0,Sat,2020-11-14,,Fortaleza,,São Paulo,,Estádio Castelão,,,
21.0,Sat,2020-11-14,,Palmeiras,,Fluminense,,Allianz Parque,,,
21.0,Sat,2020-11-14,,Corinthians,,Atlético Mineiro,,Arena Corinthians,,,
21.0,Sat,2020-11-14,,Sport Recife,,Vasco da Gama,,Estádio Adelmar da Costa Carvalho,,,
21.0,Sat,2020-11-14,,Goiás,,Atl Paranaense,,,,,
21.0,Sat,2020-11-14,,Botafogo (RJ),,Bragantino,,Estádio Nilton Santos,,,
21.0,Sat,2020-11-14,,Coritiba,,Bahia,,Estádio Major Antônio Couto Pereira,,,
21.0,Sat,2020-11-14,,Flamengo,,Atl Goianiense,,Estadio Jornalista Mário Filho,,,
21.0,Sat,2020-11-14,,Santos,,Internacional,,Estádio Urbano Caldeira,,,
,,,,,,,,,,,
22.0,Sun,2020-11-22,,Flamengo,,Coritiba,,Estadio Jornalista Mário Filho,,,
22.0,Sun,2020-11-22,,São Paulo,,Vasco da Gama,,Estádio do Morumbi,,,
22.0,Sun,2020-11-22,,Bragantino,,Bahia,,Estádio Nabi Abi Chedid,,,
22.0,Sun,2020-11-22,,Corinthians,,Grêmio,,Arena Corinthians,,,
22.0,Sun,2020-11-22,,Sport Recife,,Atl Goianiense,,Estádio Adelmar da Costa Carvalho,,,
22.0,Sun,2020-11-22,,Ceará,,Atlético Mineiro,,Estádio Castelão,,,
22.0,Sun,2020-11-22,,Goiás,,Palmeiras,,,,,
22.0,Sun,2020-11-22,,Atl Paranaense,,Santos,,Estádio Joaquim Américo Guimarães,,,
22.0,Sun,2020-11-22,,Internacional,,Fluminense,,Estádio José Pinheiro Borba,,,
22.0,Sun,2020-11-22,,Botafogo (RJ),,Fortaleza,,Estádio Nilton Santos,,,
,,,,,,,,,,,
23.0,Sat,2020-11-28,,Bahia,,São Paulo,,Estádio Governador Roberto Santos,,,
23.0,Sat,2020-11-28,,Atl Goianiense,,Internacional,,Estádio Olímpico Pedro Ludovico Teixeira,,,
23.0,Sat,2020-11-28,,Coritiba,,Corinthians,,Estádio Major Antônio Couto Pereira,,,
23.0,Sat,2020-11-28,,Atlético Mineiro,,Botafogo (RJ),,Estádio Raimundo Sampaio,,,
23.0,Sat,2020-11-28,,Fluminense,,Bragantino,,Estadio Jornalista Mário Filho,,,
23.0,Sat,2020-11-28,,Grêmio,,Flamengo,,Arena do Grêmio,,,
23.0,Sat,2020-11-28,,Fortaleza,,Goiás,,Estádio Castelão,,,
23.0,Sat,2020-11-28,,Palmeiras,,Atl Paranaense,,Allianz Parque,,,
23.0,Sat,2020-11-28,,Vasco da Gama,,Ceará,,Estádio Club de Regatas Vasco da Gama,,,
23.0,Sat,2020-11-28,,Santos,,Sport Recife,,Estádio Urbano Caldeira,,,
,,,,,,,,,,,
24.0,Sun,2020-12-06,,Fluminense,,Atl Paranaense,,Estadio Jornalista Mário Filho,,,
24.0,Sun,2020-12-06,,Santos,,Palmeiras,,Estádio Urbano Caldeira,,,
24.0,Sun,2020-12-06,,Fortaleza,,Corinthians,,Estádio Castelão,,,
24.0,Sun,2020-12-06,,Coritiba,,Bragantino,,Estádio Major Antônio Couto Pereira,,,
24.0,Sun,2020-12-06,,Atl Goianiense,,Goiás,,Estádio Olímpico Pedro Ludovico Teixeira,,,
24.0,Sun,2020-12-06,,Grêmio,,Vasco da Gama,,Arena do Grêmio,,,
24.0,Sun,2020-12-06,,São Paulo,,Sport Recife,,Estádio do Morumbi,,,
24.0,Sun,2020-12-06,,Atlético Mineiro,,Internacional,,Estádio Raimundo Sampaio,,,
24.0,Sun,2020-12-06,,Botafogo (RJ),,Flamengo,,Estádio Nilton Santos,,,
24.0,Sun,2020-12-06,,Bahia,,Ceará,,Estádio Governador Roberto Santos,,,
,,,,,,,,,,,
25.0,Sun,2020-12-13,,Flamengo,,Santos,,Estadio Jornalista Mário Filho,,,
25.0,Sun,2020-12-13,,Internacional,,Botafogo (RJ),,Estádio José Pinheiro Borba,,,
25.0,Sun,2020-12-13,,Goiás,,Grêmio,,,,,
25.0,Sun,2020-12-13,,Palmeiras,,Bahia,,Allianz Parque,,,
25.0,Sun,2020-12-13,,Sport Recife,,Coritiba,,Estádio Adelmar da Costa Carvalho,,,
25.0,Sun,2020-12-13,,Bragantino,,Fortaleza,,Estádio Nabi Abi Chedid,,,
25.0,Sun,2020-12-13,,Corinthians,,São Paulo,,Arena Corinthians,,,
25.0,Sun,2020-12-13,,Atl Paranaense,,Atlético Mineiro,,Estádio Joaquim Américo Guimarães,,,
25.0,Sun,2020-12-13,,Ceará,,Atl Goianiense,,Estádio Castelão,,,
25.0,Sun,2020-12-13,,Vasco da Gama,,Fluminense,,Estádio Club de Regatas Vasco da Gama,,,
,,,,,,,,,,,
26.0,Sun,2020-12-20,,Atl Goianiense,,Fluminense,,Estádio Olímpico Pedro Ludovico Teixeira,,,
26.0,Sun,2020-12-20,,Vasco da Gama,,Santos,,Estádio Club de Regatas Vasco da Gama,,,
26.0,Sun,2020-12-20,,Coritiba,,Botafogo (RJ),,Estádio Major Antônio Couto Pereira,,,
26.0,Sun,2020-12-20,,Fortaleza,,Ceará,,Estádio Castelão,,,
26.0,Sun,2020-12-20,,Sport Recife,,Grêmio,,Estádio Adelmar da Costa Carvalho,,,
26.0,Sun,2020-12-20,,Flamengo,,Bahia,,Estadio Jornalista Mário Filho,,,
26.0,Sun,2020-12-20,,São Paulo,,Atlético Mineiro,,Estádio do Morumbi,,,
26.0,Sun,2020-12-20,,Bragantino,,Atl Paranaense,,Estádio Nabi Abi Chedid,,,
26.0,Sun,2020-12-20,,Internacional,,Palmeiras,,Estádio José Pinheiro Borba,,,
26.0,Sun,2020-12-20,,Corinthians,,Goiás,,Arena Corinthians,,,
,,,,,,,,,,,
27.0,Sun,2020-12-27,,Fluminense,,São Paulo,,Estadio Jornalista Mário Filho,,,
27.0,Sun,2020-12-27,,Bahia,,Internacional,,Estádio Governador Roberto Santos,,,
27.0,Sun,2020-12-27,,Atl Paranaense,,Vasco da Gama,,Estádio Joaquim Américo Guimarães,,,
27.0,Sun,2020-12-27,,Botafogo (RJ),,Corinthians,,Estádio Nilton Santos,,,
27.0,Sun,2020-12-27,,Fortaleza,,Flamengo,,Estádio Castelão,,,
27.0,Sun,2020-12-27,,Grêmio,,Atl Goianiense,,Arena do Grêmio,,,
27.0,Sun,2020-12-27,,Atlético Mineiro,,Coritiba,,Estádio Raimundo Sampaio,,,
27.0,Sun,2020-12-27,,Goiás,,Sport Recife,,,,,
27.0,Sun,2020-12-27,,Palmeiras,,Bragantino,,Allianz Parque,,,
27.0,Sun,2020-12-27,,Santos,,Ceará,,Estádio Urbano Caldeira,,,
,,,,,,,,,,,
28.0,Sun,2021-01-03,,Atl Goianiense,,Vasco da Gama,,Estádio Olímpico Pedro Ludovico Teixeira,,,
28.0,Sun,2021-01-03,,Botafogo (RJ),,Atl Paranaense,,Estádio Nilton Santos,,,
28.0,Sun,2021-01-03,,Atlético Mineiro,,Santos,,Estádio Raimundo Sampaio,,,
28.0,Sun,2021-01-03,,Palmeiras,,Corinthians,,Allianz Parque,,,
28.0,Sun,2021-01-03,,Grêmio,,Bahia,,Arena do Grêmio,,,
28.0,Sun,2021-01-03,,Ceará,,Internacional,,Estádio Castelão,,,
28.0,Sun,2021-01-03,,Coritiba,,Goiás,,Estádio Major Antônio Couto Pereira,,,
28.0,Sun,2021-01-03,,Sport Recife,,Fortaleza,,Estádio Adelmar da Costa Carvalho,,,
28.0,Sun,2021-01-03,,Bragantino,,São Paulo,,Estádio Nabi Abi Chedid,,,
28.0,Sun,2021-01-03,,Flamengo,,Fluminense,,Estadio Jornalista Mário Filho,,,
,,,,,,,,,,,
29.0,Sun,2021-01-10,,Corinthians,,Fluminense,,Arena Corinthians,,,
29.0,Sun,2021-01-10,,Sport Recife,,Palmeiras,,Estádio Adelmar da Costa Carvalho,,,
29.0,Sun,2021-01-10,,Vasco da Gama,,Botafogo (RJ),,Estádio Club de Regatas Vasco da Gama,,,
29.0,Sun,2021-01-10,,Coritiba,,Atl Paranaense,,Estádio Major Antônio Couto Pereira,,,
29.0,Sun,2021-01-10,,Flamengo,,Ceará,,Estadio Jornalista Mário Filho,,,
29.0,Sun,2021-01-10,,Fortaleza,,Grêmio,,Estádio Castelão,,,
29.0,Sun,2021-01-10,,São Paulo,,Santos,,Estádio do Morumbi,,,
29.0,Sun,2021-01-10,,Bragantino,,Atlético Mineiro,,Estádio Nabi Abi Chedid,,,
29.0,Sun,2021-01-10,,Atl Goianiense,,Bahia,,Estádio Olímpico Pedro Ludovico Teixeira,,,
29.0,Sun,2021-01-10,,Internacional,,Goiás,,Estádio José Pinheiro Borba,,,
,,,,,,,,,,,
30.0,Sun,2021-01-17,,Bahia,,Corinthians,,Estádio Governador Roberto Santos,,,
30.0,Sun,2021-01-17,,Santos,,Botafogo (RJ),,Estádio Urbano Caldeira,,,
30.0,Sun,2021-01-17,,Vasco da Gama,,Coritiba,,Estádio Club de Regatas Vasco da Gama,,,
30.0,Sun,2021-01-17,,Atlético Mineiro,,Atl Goianiense,,Estádio Raimundo Sampaio,,,
30.0,Sun,2021-01-17,,Fluminense,,Sport Recife,,Estadio Jornalista Mário Filho,,,
30.0,Sun,2021-01-17,,Internacional,,Fortaleza,,Estádio José Pinheiro Borba,,,
30.0,Sun,2021-01-17,,Ceará,,Bragantino,,Estádio Castelão,,,
30.0,Sun,2021-01-17,,Palmeiras,,Grêmio,,Allianz Parque,,,
30.0,Sun,2021-01-17,,Atl Paranaense,,São Paulo,,Estádio Joaquim Américo Guimarães,,,
30.0,Sun,2021-01-17,,Goiás,,Flamengo,,,,,
,,,,,,,,,,,
31.0,Wed,2021-01-20,,Bragantino,,Vasco da Gama,,Estádio Nabi Abi Chedid,,,
31.0,Wed,2021-01-20,,Goiás,,Ceará,,,,,
31.0,Wed,2021-01-20,,Grêmio,,Atlético Mineiro,,Arena do Grêmio,,,
31.0,Wed,2021-01-20,,Bahia,,Atl Paranaense,,Estádio Governador Roberto Santos,,,
31.0,Wed,2021-01-20,,São Paulo,,Internacional,,Estádio do Morumbi,,,
31.0,Wed,2021-01-20,,Botafogo (RJ),,Atl Goianiense,,Estádio Nilton Santos,,,
31.0,Wed,2021-01-20,,Coritiba,,Fluminense,,Estádio Major Antônio Couto Pereira,,,
31.0,Wed,2021-01-20,,Corinthians,,Sport Recife,,Arena Corinthians,,,
31.0,Wed,2021-01-20,,Fortaleza,,Santos,,Estádio Castelão,,,
31.0,Wed,2021-01-20,,Flamengo,,Palmeiras,,Estadio Jornalista Mário Filho,,,
,,,,,,,,,,,
32.0,Sun,2021-01-24,,Fluminense,,Botafogo (RJ),,Estadio Jornalista Mário Filho,,,
32.0,Sun,2021-01-24,,Sport Recife,,Bahia,,Estádio Adelmar da Costa Carvalho,,,
32.0,Sun,2021-01-24,,Corinthians,,Bragantino,,Arena Corinthians,,,
32.0,Sun,2021-01-24,,Atl Paranaense,,Flamengo,,Estádio Joaquim Américo Guimarães,,,
32.0,Sun,2021-01-24,,Vasco da Gama,,Atlético Mineiro,,Estádio Club de Regatas Vasco da Gama,,,
32.0,Sun,2021-01-24,,Ceará,,Palmeiras,,Estádio Castelão,,,
32.0,Sun,2021-01-24,,Atl Goianiense,,Fortaleza,,Estádio Olímpico Pedro Ludovico Teixeira,,,
32.0,Sun,2021-01-24,,Internacional,,Grêmio,,Estádio José Pinheiro Borba,,,
32.0,Sun,2021-01-24,,Santos,,Goiás,,Estádio Urbano Caldeira,,,
32.0,Sun,2021-01-24,,São Paulo,,Coritiba,,Estádio do Morumbi,,,
,,,,,,,,,,,
33.0,Sun,2021-01-31,,Atlético Mineiro,,Fortaleza,,Estádio Raimundo Sampaio,,,
33.0,Sun,2021-01-31,,Atl Goianiense,,São Paulo,,Estádio Olímpico Pedro Ludovico Teixeira,,,
33.0,Sun,2021-01-31,,Fluminense,,Goiás,,Estadio Jornalista Mário Filho,,,
33.0,Sun,2021-01-31,,Sport Recife,,Flamengo,,Estádio Adelmar da Costa Carvalho,,,
33.0,Sun,2021-01-31,,Coritiba,,Grêmio,,Estádio Major Antônio Couto Pereira,,,
33.0,Sun,2021-01-31,,Ceará,,Atl Paranaense,,Estádio Castelão,,,
33.0,Sun,2021-01-31,,Santos,,Corinthians,,Estádio Urbano Caldeira,,,
33.0,Sun,2021-01-31,,Palmeiras,,Botafogo (RJ),,Allianz Parque,,,
33.0,Sun,2021-01-31,,Vasco da Gama,,Bahia,,Estádio Club de Regatas Vasco da Gama,,,
33.0,Sun,2021-01-31,,Internacional,,Bragantino,,Estádio José Pinheiro Borba,,,
,,,,,,,,,,,
34.0,Sun,2021-02-07,,Flamengo,,Vasco da Gama,,Estadio Jornalista Mário Filho,,,
34.0,Sun,2021-02-07,,Fortaleza,,Coritiba,,Estádio Castelão,,,
34.0,Sun,2021-02-07,,Bragantino,,Atl Goianiense,,Estádio Nabi Abi Chedid,,,
34.0,Sun,2021-02-07,,São Paulo,,Palmeiras,,Estádio do Morumbi,,,
34.0,Sun,2021-02-07,,Botafogo (RJ),,Sport Recife,,Estádio Nilton Santos,,,
34.0,Sun,2021-02-07,,Corinthians,,Ceará,,Arena Corinthians,,,
34.0,Sun,2021-02-07,,Goiás,,Atlético Mineiro,,,,,
34.0,Sun,2021-02-07,,Bahia,,Fluminense,,Estádio Governador Roberto Santos,,,
34.0,Sun,2021-02-07,,Grêmio,,Santos,,Arena do Grêmio,,,
34.0,Sun,2021-02-07,,Atl Paranaense,,Internacional,,Estádio Joaquim Américo Guimarães,,,
,,,,,,,,,,,
35.0,Sat,2021-02-13,,Coritiba,,Palmeiras,,Estádio Major Antônio Couto Pereira,,,
35.0,Sat,2021-02-13,,Botafogo (RJ),,Grêmio,,Estádio Nilton Santos,,,
35.0,Sat,2021-02-13,,São Paulo,,Ceará,,Estádio do Morumbi,,,
35.0,Sat,2021-02-13,,Bragantino,,Flamengo,,Estádio Nabi Abi Chedid,,,
35.0,Sat,2021-02-13,,Fortaleza,,Vasco da Gama,,Estádio Castelão,,,
35.0,Sat,2021-02-13,,Fluminense,,Atlético Mineiro,,Estadio Jornalista Mário Filho,,,
35.0,Sat,2021-02-13,,Corinthians,,Atl Paranaense,,Arena Corinthians,,,
35.0,Sat,2021-02-13,,Bahia,,Goiás,,Estádio Governador Roberto Santos,,,
35.0,Sat,2021-02-13,,Internacional,,Sport Recife,,Estádio José Pinheiro Borba,,,
35.0,Sat,2021-02-13,,Atl Goianiense,,Santos,,Estádio Olímpico Pedro Ludovico Teixeira,,,
,,,,,,,,,,,
36.0,Wed,2021-02-17,,Palmeiras,,Fortaleza,,Allianz Parque,,,
36.0,Wed,2021-02-17,,Sport Recife,,Bragantino,,Estádio Adelmar da Costa Carvalho,,,
36.0,Wed,2021-02-17,,Flamengo,,Corinthians,,Estadio Jornalista Mário Filho,,,
36.0,Wed,2021-02-17,,Atl Paranaense,,Atl Goianiense,,Estádio Joaquim Américo Guimarães,,,
36.0,Wed,2021-02-17,,Goiás,,Botafogo (RJ),,,,,
36.0,Wed,2021-02-17,,Grêmio,,São Paulo,,Arena do Grêmio,,,
36.0,Wed,2021-02-17,,Santos,,Coritiba,,Estádio Urbano Caldeira,,,
36.0,Wed,2021-02-17,,Atlético Mineiro,,Bahia,,Estádio Raimundo Sampaio,,,
36.0,Wed,2021-02-17,,Vasco da Gama,,Internacional,,Estádio Club de Regatas Vasco da Gama,,,
36.0,Wed,2021-02-17,,Ceará,,Fluminense,,Estádio Castelão,,,
,,,,,,,,,,,
37.0,Sun,2021-02-21,,Santos,,Fluminense,,Estádio Urbano Caldeira,,,
37.0,Sun,2021-02-21,,Corinthians,,Vasco da Gama,,Arena Corinthians,,,
37.0,Sun,2021-02-21,,Palmeiras,,Atl Goianiense,,Allianz Parque,,,
37.0,Sun,2021-02-21,,Flamengo,,Internacional,,Estadio Jornalista Mário Filho,,,
37.0,Sun,2021-02-21,,Goiás,,Bragantino,,,,,
37.0,Sun,2021-02-21,,Botafogo (RJ),,São Paulo,,Estádio Nilton Santos,,,
37.0,Sun,2021-02-21,,Grêmio,,Atl Paranaense,,Arena do Grêmio,,,
37.0,Sun,2021-02-21,,Sport Recife,,Atlético Mineiro,,Estádio Adelmar da Costa Carvalho,,,
37.0,Sun,2021-02-21,,Coritiba,,Ceará,,Estádio Major Antônio Couto Pereira,,,
37.0,Sun,2021-02-21,,Fortaleza,,Bahia,,Estádio Castelão,,,
,,,,,,,,,,,
38.0,Wed,2021-02-24,,Vasco da Gama,,Goiás,,Estádio Club de Regatas Vasco da Gama,,,
38.0,Wed,2021-02-24,,Bahia,,Santos,,Estádio Governador Roberto Santos,,,
38.0,Wed,2021-02-24,,Bragantino,,Grêmio,,Estádio Nabi Abi Chedid,,,
38.0,Wed,2021-02-24,,São Paulo,,Flamengo,,Estádio do Morumbi,,,
38.0,Wed,2021-02-24,,Atl Paranaense,,Sport Recife,,Estádio Joaquim Américo Guimarães,,,
38.0,Wed,2021-02-24,,Internacional,,Corinthians,,Estádio José Pinheiro Borba,,,
38.0,Wed,2021-02-24,,Atlético Mineiro,,Palmeiras,,Estádio Raimundo Sampaio,,,
38.0,Wed,2021-02-24,,Fluminense,,Fortaleza,,Estadio Jornalista Mário Filho,,,
38.0,Wed,2021-02-24,,Ceará,,Botafogo (RJ),,Estádio Castelão,,,
38.0,Wed,2021-02-24,,Atl Goianiense,,Coritiba,,Estádio Olímpico Pedro Ludovico Teixeira,,,
